test@gmail.com,LinkedIn,2012
test@gmail.com,Adobe,2013
admin@company.com,Facebook,2019
user123@gmail.com,Twitter,2020
hacker@yahoo.com,Dropbox,2016
john.doe@gmail.com,MySpace,2008
jane.smith@yahoo.com,Canva,2019
alex123@gmail.com,Zoom,2020
mike@outlook.com,LinkedIn,2012
sarah@gmail.com,Adobe,2013
raj@gmail.com,Facebook,2019
amit@yahoo.com,Twitter,2020
priya@gmail.com,Dropbox,2016
rohit@gmail.com,LinkedIn,2012
neha@yahoo.com,Adobe,2013
karan@gmail.com,Facebook,2019
sunil@gmail.com,Twitter,2020
deepak@yahoo.com,Dropbox,2016
user1@gmail.com,LinkedIn,2012
user2@gmail.com,Adobe,2013
user3@gmail.com,Facebook,2019
user4@gmail.com,Twitter,2020
user5@gmail.com,Dropbox,2016
alpha@gmail.com,LinkedIn,2012
beta@yahoo.com,Adobe,2013
gamma@gmail.com,Facebook,2019
delta@gmail.com,Twitter,2020
omega@yahoo.com,Dropbox,2016
cyber1@gmail.com,LinkedIn,2012
cyber2@gmail.com,Adobe,2013
cyber3@gmail.com,Facebook,2019
cyber4@gmail.com,Twitter,2020
cyber5@gmail.com,Dropbox,2016
security@gmail.com,LinkedIn,2012
admin1@yahoo.com,Adobe,2013
admin2@gmail.com,Facebook,2019
admin3@gmail.com,Twitter,2020
admin4@yahoo.com,Dropbox,2016
test1@gmail.com,LinkedIn,2012
test2@gmail.com,Adobe,2013
test3@gmail.com,Facebook,2019
test4@gmail.com,Twitter,2020
test5@gmail.com,Dropbox,2016